coeff_index,coeff_name,n_intervals95,interval1_lower95,interval1_upper95
0,W,1,-7.158683686791188e-05,7.747855964426655e-05
1,Y,1,-0.0001202154736093,0.0001365229978198
