coeff_index,coeff_name,n_intervals95,interval1_lower95,interval1_upper95
0,W,1,-4.204477680583199e-05,4.353538005413419e-05
1,Y,1,-6.552159193447141e-05,6.981964855853621e-05
