coeff_index,coeff_name,n_intervals95,interval1_lower95,interval1_upper95
0,W,1,-3.12961089304058e-05,3.175475966039196e-05
1,Y,1,-4.76675493424184e-05,4.8986877699908976e-05
