coeff_index,coeff_name,n_intervals95,interval1_lower95,interval1_upper95
0,W,1,-9.663115831016934e-05,9.971756973830632e-05
1,Y,1,-0.0001479168162935,0.0001547396826566
