coeff_index,coeff_name,n_intervals95,interval1_lower95,interval1_upper95
0,W,1,-4.644974118293931e-05,4.8717608218286216e-05
1,Y,1,-6.943840631529709e-05,7.479169695383832e-05
