coeff_index,coeff_name,n_intervals95,interval1_lower95,interval1_upper95
0,W,1,-0.0001036354669563,0.0001077831135887
1,Y,1,-0.0001579919596369,0.0001671667818842
