coeff_index,coeff_name,n_intervals95,interval1_lower95,interval1_upper95
0,W,1,-0.0002483584162727,0.000193009904456
1,Y,1,-0.0003952567843939,0.0002736578105909
