coeff_index,coeff_name,n_intervals95,interval1_lower95,interval1_upper95
0,W,1,-0.000260059481672,0.0002284133617102
1,Y,1,-0.0004183836479978,0.0003538539486044
