coeff_index,coeff_name,n_intervals95,interval1_lower95,interval1_upper95
0,W,1,-3.062958120103296e-05,3.104545712480317e-05
1,Y,1,-4.699085112903774e-05,4.824159588210699e-05
