coeff_index,coeff_name,n_intervals95,interval1_lower95,interval1_upper95
0,W,1,-6.091431028089065e-05,6.478443608305444e-05
1,Y,1,-0.0001040301165846,0.0001161901617765
